Website,Word,Count
https://www.bananarepublic.com,$50+,1
https://www.bananarepublic.com,&,1
https://www.bananarepublic.com,+,2
https://www.bananarepublic.com,40%,1
https://www.bananarepublic.com,50%,1
https://www.bananarepublic.com,a,1
https://www.bananarepublic.com,apply,1
https://www.bananarepublic.com,athleta,1
https://www.bananarepublic.com,bag,1
https://www.bananarepublic.com,banana,2
https://www.bananarepublic.com,br,1
https://www.bananarepublic.com,cashmere,2
https://www.bananarepublic.com,content,1
https://www.bananarepublic.com,details,2
https://www.bananarepublic.com,discover,1
https://www.bananarepublic.com,event:,1
https://www.bananarepublic.com,exclusions,1
https://www.bananarepublic.com,footer,1
https://www.bananarepublic.com,for,3
https://www.bananarepublic.com,free,1
https://www.bananarepublic.com,full-priced,1
https://www.bananarepublic.com,gap,1
https://www.bananarepublic.com,get,1
https://www.bananarepublic.com,gifts,4
https://www.bananarepublic.com,head,1
https://www.bananarepublic.com,holiday,5
https://www.bananarepublic.com,holidays,1
https://www.bananarepublic.com,home,3
https://www.bananarepublic.com,in,1
https://www.bananarepublic.com,join,1
https://www.bananarepublic.com,links,1
https://www.bananarepublic.com,main,1
https://www.bananarepublic.com,members,1
https://www.bananarepublic.com,men,6
https://www.bananarepublic.com,men's,4
https://www.bananarepublic.com,navigation,1
https://www.bananarepublic.com,navy,1
https://www.bananarepublic.com,off,2
https://www.bananarepublic.com,old,1
https://www.bananarepublic.com,on,2
https://www.bananarepublic.com,or,1
https://www.bananarepublic.com,outerwear,2
https://www.bananarepublic.com,pants,2
https://www.bananarepublic.com,party,2
https://www.bananarepublic.com,preview,1
https://www.bananarepublic.com,purchase,1
https://www.bananarepublic.com,republic,2
https://www.bananarepublic.com,rewards,1
https://www.bananarepublic.com,sale,4
https://www.bananarepublic.com,season,1
https://www.bananarepublic.com,shipping,1
https://www.bananarepublic.com,shop,16
https://www.bananarepublic.com,shopping,1
https://www.bananarepublic.com,sign,1
https://www.bananarepublic.com,skip,4
https://www.bananarepublic.com,start,1
https://www.bananarepublic.com,style,1
https://www.bananarepublic.com,sweaters,2
https://www.bananarepublic.com,the,3
https://www.bananarepublic.com,timeless,1
https://www.bananarepublic.com,to,5
https://www.bananarepublic.com,top,1
https://www.bananarepublic.com,up,1
https://www.bananarepublic.com,women,6
https://www.bananarepublic.com,women's,4
https://www.bananarepublic.com,your,1
https://www.bananarepublic.com,|,1
https://www.fashionnova.com,&,2
https://www.fashionnova.com,+,1
https://www.fashionnova.com,0,2
https://www.fashionnova.com,1,2
https://www.fashionnova.com,2024,1
https://www.fashionnova.com,30-80%,1
https://www.fashionnova.com,4,1
https://www.fashionnova.com,5,1
https://www.fashionnova.com,:,2
https://www.fashionnova.com,about,2
https://www.fashionnova.com,accessories,1
https://www.fashionnova.com,act,2
https://www.fashionnova.com,activewear,1
https://www.fashionnova.com,address,1
https://www.fashionnova.com,affordable,1
https://www.fashionnova.com,agree,1
https://www.fashionnova.com,all,1
https://www.fashionnova.com,and,1
https://www.fashionnova.com,app,1
https://www.fashionnova.com,as,1
https://www.fashionnova.com,balance,2
https://www.fashionnova.com,beauty,3
https://www.fashionnova.com,bottoms,1
https://www.fashionnova.com,by,1
https://www.fashionnova.com,ca,2
https://www.fashionnova.com,card,2
https://www.fashionnova.com,cards,2
https://www.fashionnova.com,careers,2
https://www.fashionnova.com,center,2
https://www.fashionnova.com,chains,2
https://www.fashionnova.com,check,2
https://www.fashionnova.com,clothing,2
https://www.fashionnova.com,coats,1
https://www.fashionnova.com,collab,2
https://www.fashionnova.com,company,2
https://www.fashionnova.com,contact,2
https://www.fashionnova.com,day,1
https://www.fashionnova.com,discounts,1
https://www.fashionnova.com,dresses,1
https://www.fashionnova.com,email,2
https://www.fashionnova.com,fashion,5
https://www.fashionnova.com,faster,1
https://www.fashionnova.com,for,3
https://www.fashionnova.com,get,2
https://www.fashionnova.com,gift,4
https://www.fashionnova.com,guide,2
https://www.fashionnova.com,h,1
https://www.fashionnova.com,help,4
https://www.fashionnova.com,in,1
https://www.fashionnova.com,info,2
https://www.fashionnova.com,jackets,1
https://www.fashionnova.com,jeans,1
https://www.fashionnova.com,jumpsuits,1
https://www.fashionnova.com,kids,3
https://www.fashionnova.com,last,1
https://www.fashionnova.com,legal,1
https://www.fashionnova.com,lingerie,1
https://www.fashionnova.com,links,2
https://www.fashionnova.com,llc,1
https://www.fashionnova.com,luxe,1
https://www.fashionnova.com,m,1
https://www.fashionnova.com,marked,1
https://www.fashionnova.com,matching,1
https://www.fashionnova.com,men,3
https://www.fashionnova.com,new,1
https://www.fashionnova.com,nova,4
https://www.fashionnova.com,nova's,1
https://www.fashionnova.com,now,1
https://www.fashionnova.com,of,3
https://www.fashionnova.com,off,1
https://www.fashionnova.com,online,1
https://www.fashionnova.com,order,2
https://www.fashionnova.com,plus+curve,2
https://www.fashionnova.com,policy,3
https://www.fashionnova.com,prices,1
https://www.fashionnova.com,privacy,3
https://www.fashionnova.com,promo,2
https://www.fashionnova.com,quick,2
https://www.fashionnova.com,reserved,1
https://www.fashionnova.com,returns,2
https://www.fashionnova.com,rights,1
https://www.fashionnova.com,s,1
https://www.fashionnova.com,sale,1
https://www.fashionnova.com,service,3
https://www.fashionnova.com,sets,1
https://www.fashionnova.com,shipping,2
https://www.fashionnova.com,shoes,1
https://www.fashionnova.com,shop,2
https://www.fashionnova.com,sign,1
https://www.fashionnova.com,signing,1
https://www.fashionnova.com,sitemap,2
https://www.fashionnova.com,sitewide,1
https://www.fashionnova.com,size,2
https://www.fashionnova.com,sleep,1
https://www.fashionnova.com,stores,2
https://www.fashionnova.com,supply,2
https://www.fashionnova.com,sweaters,1
https://www.fashionnova.com,t&cs,2
https://www.fashionnova.com,terms,3
https://www.fashionnova.com,the,1
https://www.fashionnova.com,to,3
https://www.fashionnova.com,tops,1
https://www.fashionnova.com,track,2
https://www.fashionnova.com,up,2
https://www.fashionnova.com,updates,1
https://www.fashionnova.com,us,2
https://www.fashionnova.com,want,2
https://www.fashionnova.com,with,1
https://www.fashionnova.com,women,4
https://www.fashionnova.com,women's,1
https://www.fashionnova.com,you,1
https://www.fashionnova.com,|,3
https://www.fashionnova.com,√¢¬©,1
https://www.fashionnova.com,√∞¬ü¬á¬∫√∞¬ü¬á¬∏,1
https://www.gap.com,&,4
https://www.gap.com,+,3
https://www.gap.com,a,3
https://www.gap.com,all,2
https://www.gap.com,and,1
https://www.gap.com,arrivals,1
https://www.gap.com,athleta,1
https://www.gap.com,baby,5
https://www.gap.com,bag,1
https://www.gap.com,banana,1
https://www.gap.com,be,1
https://www.gap.com,boy,1
https://www.gap.com,boys,4
https://www.gap.com,brand,2
https://www.gap.com,cashsoft,2
https://www.gap.com,cast,1
https://www.gap.com,clothing,1
https://www.gap.com,collaborations,2
https://www.gap.com,collection,1
https://www.gap.com,connection,1
https://www.gap.com,content,1
https://www.gap.com,creativity,1
https://www.gap.com,details,5
https://www.gap.com,excludes,2
https://www.gap.com,factory,1
https://www.gap.com,featuring,1
https://www.gap.com,footer,1
https://www.gap.com,gap,3
https://www.gap.com,gift,1
https://www.gap.com,gifts,2
https://www.gap.com,girl,1
https://www.gap.com,girls,4
https://www.gap.com,harmony,1
https://www.gap.com,in,2
https://www.gap.com,inside,1
https://www.gap.com,is,1
https://www.gap.com,joy,1
https://www.gap.com,kids,1
https://www.gap.com,knits,1
https://www.gap.com,latest,1
https://www.gap.com,links,1
https://www.gap.com,made,1
https://www.gap.com,main,1
https://www.gap.com,men,4
https://www.gap.com,men‚Äôs,1
https://www.gap.com,musicians,1
https://www.gap.com,navigation,1
https://www.gap.com,navy,1
https://www.gap.com,new,3
https://www.gap.com,of,2
https://www.gap.com,offers,1
https://www.gap.com,old,1
https://www.gap.com,originals,1
https://www.gap.com,our,4
https://www.gap.com,republic,1
https://www.gap.com,select,3
https://www.gap.com,shared,1
https://www.gap.com,shop,4
https://www.gap.com,shopping,1
https://www.gap.com,singers,1
https://www.gap.com,skip,4
https://www.gap.com,styles,3
https://www.gap.com,there,1
https://www.gap.com,to,5
https://www.gap.com,toddler,5
https://www.gap.com,top,1
https://www.gap.com,true,1
https://www.gap.com,us,1
https://www.gap.com,voice,1
https://www.gap.com,women,4
https://www.gap.com,women‚Äôs,1
https://www.oldnavy.com,$50+,1
https://www.oldnavy.com,a,1
https://www.oldnavy.com,at,1
https://www.oldnavy.com,athleta,1
https://www.oldnavy.com,baby,4
https://www.oldnavy.com,bag,1
https://www.oldnavy.com,banana,1
https://www.oldnavy.com,boys,5
https://www.oldnavy.com,card,1
https://www.oldnavy.com,content,1
https://www.oldnavy.com,deals,2
https://www.oldnavy.com,details,2
https://www.oldnavy.com,eggnog‚Ä¶,1
https://www.oldnavy.com,fam,1
https://www.oldnavy.com,family,3
https://www.oldnavy.com,fashion,1
https://www.oldnavy.com,find,1
https://www.oldnavy.com,footer,1
https://www.oldnavy.com,for,3
https://www.oldnavy.com,free,1
https://www.oldnavy.com,gap,1
https://www.oldnavy.com,gift,1
https://www.oldnavy.com,gifts,2
https://www.oldnavy.com,girls,5
https://www.oldnavy.com,hold,1
https://www.oldnavy.com,holiday,1
https://www.oldnavy.com,in,1
https://www.oldnavy.com,join,1
https://www.oldnavy.com,latest,1
https://www.oldnavy.com,links,1
https://www.oldnavy.com,main,1
https://www.oldnavy.com,maternity,3
https://www.oldnavy.com,members,1
https://www.oldnavy.com,men,3
https://www.oldnavy.com,navigation,1
https://www.oldnavy.com,navy,2
https://www.oldnavy.com,navyist,1
https://www.oldnavy.com,now,2
https://www.oldnavy.com,old,2
https://www.oldnavy.com,on,1
https://www.oldnavy.com,or,1
https://www.oldnavy.com,our,1
https://www.oldnavy.com,pajamas,2
https://www.oldnavy.com,pieces,1
https://www.oldnavy.com,prices,1
https://www.oldnavy.com,republic,1
https://www.oldnavy.com,rewards,2
https://www.oldnavy.com,sale,1
https://www.oldnavy.com,shipping,1
https://www.oldnavy.com,shop,2
https://www.oldnavy.com,shopping,1
https://www.oldnavy.com,sign,1
https://www.oldnavy.com,skip,4
https://www.oldnavy.com,store,1
https://www.oldnavy.com,the,3
https://www.oldnavy.com,these,2
https://www.oldnavy.com,to,4
https://www.oldnavy.com,today‚Äôs,2
https://www.oldnavy.com,toddler,4
https://www.oldnavy.com,top,1
https://www.oldnavy.com,trending,2
https://www.oldnavy.com,whole,1
https://www.oldnavy.com,women,3
https://www.oldnavy.com,|,1
https://www.oldnavy.com,üéÅ,2
https://www.rvca.com,$,1
https://www.rvca.com,$),59
https://www.rvca.com,$12,1
https://www.rvca.com,$25,1
https://www.rvca.com,$39,1
https://www.rvca.com,$40,1
https://www.rvca.com,$60,2
https://www.rvca.com,&,10
https://www.rvca.com,(aed,1
https://www.rvca.com,(all,1
https://www.rvca.com,(amd,1
https://www.rvca.com,(ang,2
https://www.rvca.com,(aoa,1
https://www.rvca.com,(ars,1
https://www.rvca.com,(aud,2
https://www.rvca.com,(awg,1
https://www.rvca.com,(azn,1
https://www.rvca.com,(bam,1
https://www.rvca.com,(bbd,1
https://www.rvca.com,(bdt,1
https://www.rvca.com,(bif,1
https://www.rvca.com,(bnd,1
https://www.rvca.com,(bob,1
https://www.rvca.com,(brl,1
https://www.rvca.com,(bsd,1
https://www.rvca.com,(bwp,1
https://www.rvca.com,(bzd,1
https://www.rvca.com,(cad,1
https://www.rvca.com,(chf,1
https://www.rvca.com,(clp,1
https://www.rvca.com,(cny,1
https://www.rvca.com,(cop,1
https://www.rvca.com,(crc,1
https://www.rvca.com,(cve,1
https://www.rvca.com,(djf,1
https://www.rvca.com,(dkk,2
https://www.rvca.com,(dop,1
https://www.rvca.com,(dzd,1
https://www.rvca.com,(egp,1
https://www.rvca.com,(etb,1
https://www.rvca.com,(eur,11
https://www.rvca.com,(fjd,1
https://www.rvca.com,(fkp,1
https://www.rvca.com,(gbp,4
https://www.rvca.com,(gel,1
https://www.rvca.com,(gmd,1
https://www.rvca.com,(gnf,1
https://www.rvca.com,(gtq,1
https://www.rvca.com,(gyd,1
https://www.rvca.com,(hkd,1
https://www.rvca.com,(hnl,1
https://www.rvca.com,(htg,1
https://www.rvca.com,(idr,1
https://www.rvca.com,(ils,1
https://www.rvca.com,(inr,1
https://www.rvca.com,(isk,1
https://www.rvca.com,(jmd,1
https://www.rvca.com,(jpy,1
https://www.rvca.com,(kes,1
https://www.rvca.com,(kgs,1
https://www.rvca.com,(khr,1
https://www.rvca.com,(kmf,1
https://www.rvca.com,(krw,1
https://www.rvca.com,(kyd,1
https://www.rvca.com,(kzt,1
https://www.rvca.com,(lak,1
https://www.rvca.com,(lbp,1
https://www.rvca.com,(lkr,1
https://www.rvca.com,(lrd,1
https://www.rvca.com,(lsl,1
https://www.rvca.com,(mad,1
https://www.rvca.com,(mdl,1
https://www.rvca.com,(mkd,1
https://www.rvca.com,(mnt,1
https://www.rvca.com,(mop,1
https://www.rvca.com,(mur,1
https://www.rvca.com,(mvr,1
https://www.rvca.com,(mwk,1
https://www.rvca.com,(mxn,1
https://www.rvca.com,(myr,1
https://www.rvca.com,(mzn,1
https://www.rvca.com,(nad,1
https://www.rvca.com,(ngn,1
https://www.rvca.com,(nio,1
https://www.rvca.com,(nok,1
https://www.rvca.com,(npr,1
https://www.rvca.com,(nzd,2
https://www.rvca.com,(pen,1
https://www.rvca.com,(pgk,1
https://www.rvca.com,(php,1
https://www.rvca.com,(pkr,1
https://www.rvca.com,(pyg,1
https://www.rvca.com,(qar,1
https://www.rvca.com,(rsd,1
https://www.rvca.com,(rwf,1
https://www.rvca.com,(sar,1
https://www.rvca.com,(sbd,1
https://www.rvca.com,(scr,1
https://www.rvca.com,(sgd,1
https://www.rvca.com,(shp,1
https://www.rvca.com,(sll,1
https://www.rvca.com,(srd,1
https://www.rvca.com,(std,1
https://www.rvca.com,(szl,1
https://www.rvca.com,(thb,1
https://www.rvca.com,(top,1
https://www.rvca.com,(ttd,1
https://www.rvca.com,(twd,1
https://www.rvca.com,(tzs,1
https://www.rvca.com,(ugx,1
https://www.rvca.com,(usd,23
https://www.rvca.com,(uyu,1
https://www.rvca.com,(uzs,1
https://www.rvca.com,(vnd,1
https://www.rvca.com,(vuv,1
https://www.rvca.com,(wst,1
https://www.rvca.com,(xaf,4
https://www.rvca.com,(xcd,8
https://www.rvca.com,(xof,6
https://www.rvca.com,(xpf,3
https://www.rvca.com,(zar,1
https://www.rvca.com,(zmw,1
https://www.rvca.com,),1
https://www.rvca.com,*,4
https://www.rvca.com,+,3
https://www.rvca.com,-,1
https://www.rvca.com,"16""-17""",1
https://www.rvca.com,"18""-19""",1
https://www.rvca.com,"20""",1
https://www.rvca.com,2024,1
https://www.rvca.com,60%,7
https://www.rvca.com,=,1
https://www.rvca.com,a,3
https://www.rvca.com,about,1
https://www.rvca.com,accessibility,2
https://www.rvca.com,accessories,17
https://www.rvca.com,account,2
https://www.rvca.com,advocates,1
https://www.rvca.com,affiliate,1
https://www.rvca.com,africa,1
https://www.rvca.com,afterpay,1
https://www.rvca.com,ahead,1
https://www.rvca.com,albania,1
https://www.rvca.com,alexis,2
https://www.rvca.com,algeria,1
https://www.rvca.com,all,6
https://www.rvca.com,and,2
https://www.rvca.com,andorra,1
https://www.rvca.com,andrew,3
https://www.rvca.com,angola,1
https://www.rvca.com,anguilla,1
https://www.rvca.com,antigua,1
https://www.rvca.com,arab,1
https://www.rvca.com,arabia,1
https://www.rvca.com,argentina,1
https://www.rvca.com,armenia,1
https://www.rvca.com,arrivals,7
https://www.rvca.com,artist,6
https://www.rvca.com,aruba,1
https://www.rvca.com,as,2
https://www.rvca.com,athlete,1
https://www.rvca.com,athletic,3
https://www.rvca.com,au,1
https://www.rvca.com,azerbaijan,1
https://www.rvca.com,back,1
https://www.rvca.com,backpacks,3
https://www.rvca.com,bags,1
https://www.rvca.com,bahamas,1
https://www.rvca.com,bahrain,1
https://www.rvca.com,bangladesh,1
https://www.rvca.com,barbados,1
https://www.rvca.com,barbuda,1
https://www.rvca.com,barth√©lemy,1
https://www.rvca.com,beanies,3
https://www.rvca.com,become,1
https://www.rvca.com,bedwin,2
https://www.rvca.com,belize,1
https://www.rvca.com,benin,1
https://www.rvca.com,benjamin,2
https://www.rvca.com,bermuda,1
https://www.rvca.com,best,3
https://www.rvca.com,best-selling,4
https://www.rvca.com,bettylou,2
https://www.rvca.com,bhutan,1
https://www.rvca.com,big,1
https://www.rvca.com,bikini,4
https://www.rvca.com,birthday,1
https://www.rvca.com,boardshorts,7
https://www.rvca.com,bolivia,1
https://www.rvca.com,bosnia,1
https://www.rvca.com,botswana,1
https://www.rvca.com,bottoms,7
https://www.rvca.com,boxing,1
https://www.rvca.com,boys,7
https://www.rvca.com,br),1
https://www.rvca.com,bras,1
https://www.rvca.com,brazil,1
https://www.rvca.com,brazzaville,1
https://www.rvca.com,british,1
https://www.rvca.com,brunei,1
https://www.rvca.com,bs.),1
https://www.rvca.com,burkina,1
https://www.rvca.com,burundi,1
https://www.rvca.com,c$),1
https://www.rvca.com,ca,1
https://www.rvca.com,caicos,1
https://www.rvca.com,caledonia,1
https://www.rvca.com,cambodia,1
https://www.rvca.com,cameroon,1
https://www.rvca.com,canada,1
https://www.rvca.com,cape,1
https://www.rvca.com,cards,5
https://www.rvca.com,careers,1
https://www.rvca.com,caribbean,1
https://www.rvca.com,cayman,1
https://www.rvca.com,center,1
https://www.rvca.com,chad,1
https://www.rvca.com,chance,1
https://www.rvca.com,change,1
https://www.rvca.com,chevron-down,62
https://www.rvca.com,chevron-left,2
https://www.rvca.com,chevron-right,2
https://www.rvca.com,chf),1
https://www.rvca.com,children,24
https://www.rvca.com,chile,1
https://www.rvca.com,china,1
https://www.rvca.com,choosing,1
https://www.rvca.com,city,1
https://www.rvca.com,close,9
https://www.rvca.com,clothing,11
https://www.rvca.com,collection,4
https://www.rvca.com,collections,9
https://www.rvca.com,colombia,1
https://www.rvca.com,colorways,4
https://www.rvca.com,combat,1
https://www.rvca.com,community,1
https://www.rvca.com,comoros,1
https://www.rvca.com,compression,2
https://www.rvca.com,congo,1
https://www.rvca.com,contact,1
https://www.rvca.com,content,1
https://www.rvca.com,cook,1
https://www.rvca.com,costa,1
https://www.rvca.com,cover,2
https://www.rvca.com,create,2
https://www.rvca.com,creative,1
https://www.rvca.com,cura√ßao,1
https://www.rvca.com,c√¥te,1
https://www.rvca.com,d),1
https://www.rvca.com,dayshift,2
https://www.rvca.com,db),1
https://www.rvca.com,deals,3
https://www.rvca.com,denim,6
https://www.rvca.com,discount,5
https://www.rvca.com,djibouti,1
https://www.rvca.com,do,1
https://www.rvca.com,dominica,1
https://www.rvca.com,dominican,1
https://www.rvca.com,dresses,3
https://www.rvca.com,dye,1
https://www.rvca.com,d‚Äôivoire,1
https://www.rvca.com,e),1
https://www.rvca.com,easy,4
https://www.rvca.com,ecuador,1
https://www.rvca.com,egypt,1
https://www.rvca.com,el,1
https://www.rvca.com,email,2
https://www.rvca.com,emirates,1
https://www.rvca.com,enabled,1
https://www.rvca.com,ensure,1
https://www.rvca.com,equatorial,1
https://www.rvca.com,eswatini,1
https://www.rvca.com,ethiopia,1
https://www.rvca.com,exclusive,2
https://www.rvca.com,exclusive:,4
https://www.rvca.com,exclusives,5
https://www.rvca.com,expert,2
https://www.rvca.com,explore,5
https://www.rvca.com,facebook,1
https://www.rvca.com,falkland,1
https://www.rvca.com,faq,1
https://www.rvca.com,faq's,1
https://www.rvca.com,faroe,1
https://www.rvca.com,faso,1
https://www.rvca.com,favorite,2
https://www.rvca.com,fdj),1
https://www.rvca.com,fiji,1
https://www.rvca.com,find,3
https://www.rvca.com,first,2
https://www.rvca.com,fit,4
https://www.rvca.com,flannels,2
https://www.rvca.com,flash,1
https://www.rvca.com,fleece,2
https://www.rvca.com,fleeces,1
https://www.rvca.com,for,13
https://www.rvca.com,forgot,1
https://www.rvca.com,fr,1
https://www.rvca.com,fr),16
https://www.rvca.com,free,5
https://www.rvca.com,french,2
https://www.rvca.com,frw),1
https://www.rvca.com,full,1
https://www.rvca.com,futuna,1
https://www.rvca.com,g),1
https://www.rvca.com,gabon,1
https://www.rvca.com,gabrielle,1
https://www.rvca.com,gambia,1
https://www.rvca.com,georgia,1
https://www.rvca.com,get,1
https://www.rvca.com,ghana,1
https://www.rvca.com,gibraltar,1
https://www.rvca.com,gift,13
https://www.rvca.com,gifting,9
https://www.rvca.com,gifts,9
https://www.rvca.com,gis,1
https://www.rvca.com,gloves,1
https://www.rvca.com,got,4
https://www.rvca.com,graphic,1
https://www.rvca.com,greenland,1
https://www.rvca.com,grenada,1
https://www.rvca.com,grenadines,1
https://www.rvca.com,guadeloupe,1
https://www.rvca.com,guatemala,1
https://www.rvca.com,guernsey,1
https://www.rvca.com,guiana,1
https://www.rvca.com,guide,4
https://www.rvca.com,guides,2
https://www.rvca.com,guinea,3
https://www.rvca.com,guinea-bissau,1
https://www.rvca.com,guyana,1
https://www.rvca.com,haiti,1
https://www.rvca.com,hats,4
https://www.rvca.com,have,1
https://www.rvca.com,hawaii,7
https://www.rvca.com,healthcare,1
https://www.rvca.com,helena,1
https://www.rvca.com,help,1
https://www.rvca.com,herzegovina,1
https://www.rvca.com,holiday,15
https://www.rvca.com,holiday-gift-guide,2
https://www.rvca.com,honduras,1
https://www.rvca.com,hong,1
https://www.rvca.com,hoodies,8
https://www.rvca.com,hybrids,1
https://www.rvca.com,iceland,1
https://www.rvca.com,in,8
https://www.rvca.com,india,1
https://www.rvca.com,indonesia,1
https://www.rvca.com,information,1
https://www.rvca.com,inside,1
https://www.rvca.com,insider,1
https://www.rvca.com,insiders,16
https://www.rvca.com,instagram,1
https://www.rvca.com,is,1
https://www.rvca.com,islands,7
https://www.rvca.com,isle,1
https://www.rvca.com,israel,1
https://www.rvca.com,jackets,5
https://www.rvca.com,jamaica,1
https://www.rvca.com,japan,1
https://www.rvca.com,javascript,1
https://www.rvca.com,jeanjean,2
https://www.rvca.com,jersey,1
https://www.rvca.com,joggers,1
https://www.rvca.com,join,3
https://www.rvca.com,join/login,2
https://www.rvca.com,jordan,1
https://www.rvca.com,just,4
https://www.rvca.com,k),1
https://www.rvca.com,kazakhstan,1
https://www.rvca.com,kelsey,1
https://www.rvca.com,kenya,1
https://www.rvca.com,kid,2
https://www.rvca.com,kiribati,1
https://www.rvca.com,kitts,1
https://www.rvca.com,kong,1
https://www.rvca.com,korea,1
https://www.rvca.com,kr),2
https://www.rvca.com,kr.),2
https://www.rvca.com,ksh),1
https://www.rvca.com,kuwait,1
https://www.rvca.com,kyrgyzstan,1
https://www.rvca.com,kz),1
https://www.rvca.com,l),4
https://www.rvca.com,lanka,1
https://www.rvca.com,laos,1
https://www.rvca.com,last,2
https://www.rvca.com,le),1
https://www.rvca.com,lebanon,1
https://www.rvca.com,leggings,1
https://www.rvca.com,leone,1
https://www.rvca.com,lesotho,1
https://www.rvca.com,liberia,1
https://www.rvca.com,liechtenstein,1
https://www.rvca.com,limited,4
https://www.rvca.com,log,3
https://www.rvca.com,login,4
https://www.rvca.com,logo,1
https://www.rvca.com,low,1
https://www.rvca.com,lucia,1
https://www.rvca.com,luggage,2
https://www.rvca.com,maarten,1
https://www.rvca.com,macao,1
https://www.rvca.com,macedonia,1
https://www.rvca.com,madagascar,1
https://www.rvca.com,malawi,1
https://www.rvca.com,malaysia,1
https://www.rvca.com,maldives,1
https://www.rvca.com,man,1
https://www.rvca.com,marino,1
https://www.rvca.com,martin,1
https://www.rvca.com,martinique,1
https://www.rvca.com,mauritania,1
https://www.rvca.com,mauritius,1
https://www.rvca.com,mayotte,1
https://www.rvca.com,mens,17
https://www.rvca.com,menu,32
https://www.rvca.com,message-square,1
https://www.rvca.com,mexico,1
https://www.rvca.com,military,1
https://www.rvca.com,minus,3
https://www.rvca.com,mk),1
https://www.rvca.com,mma,1
https://www.rvca.com,moldova,1
https://www.rvca.com,monceaux,1
https://www.rvca.com,mongolia,1
https://www.rvca.com,montenegro,1
https://www.rvca.com,montserrat,1
https://www.rvca.com,more,1
https://www.rvca.com,morocco,1
https://www.rvca.com,mozambique,1
https://www.rvca.com,mtn),1
https://www.rvca.com,must,1
https://www.rvca.com,mvr),1
https://www.rvca.com,my,1
https://www.rvca.com,name,2
https://www.rvca.com,namibia,1
https://www.rvca.com,nauru,1
https://www.rvca.com,neoprene,1
https://www.rvca.com,nepal,1
https://www.rvca.com,netherlands,1
https://www.rvca.com,network,6
https://www.rvca.com,neutral,1
https://www.rvca.com,nevis,1
https://www.rvca.com,new,15
https://www.rvca.com,newsletter,2
https://www.rvca.com,nicaragua,1
https://www.rvca.com,nigeria,1
https://www.rvca.com,niue,1
https://www.rvca.com,niziolek,1
https://www.rvca.com,north,1
https://www.rvca.com,norway,1
https://www.rvca.com,not,1
https://www.rvca.com,now,16
https://www.rvca.com,now/login,1
https://www.rvca.com,of,3
https://www.rvca.com,off,8
https://www.rvca.com,oman,1
https://www.rvca.com,on,1
https://www.rvca.com,one,2
https://www.rvca.com,or,1
https://www.rvca.com,other,1
https://www.rvca.com,our,8
https://www.rvca.com,outseam,3
https://www.rvca.com,p),2
https://www.rvca.com,page,1
https://www.rvca.com,pakistan,1
https://www.rvca.com,panama,1
https://www.rvca.com,pants,8
https://www.rvca.com,papua,1
https://www.rvca.com,paraguay,1
https://www.rvca.com,password,3
https://www.rvca.com,perfect,3
https://www.rvca.com,personal,1
https://www.rvca.com,peru,1
https://www.rvca.com,philippines,1
https://www.rvca.com,pieces,2
https://www.rvca.com,pigment,1
https://www.rvca.com,please,1
https://www.rvca.com,plus,4
https://www.rvca.com,points,2
https://www.rvca.com,policy,1
https://www.rvca.com,polynesia,1
https://www.rvca.com,pommier,1
https://www.rvca.com,privacy,1
https://www.rvca.com,program,7
https://www.rvca.com,pr√≠ncipe,1
https://www.rvca.com,pullovers,1
https://www.rvca.com,purchases,1
https://www.rvca.com,purposes,1
https://www.rvca.com,q),1
https://www.rvca.com,qatar,1
https://www.rvca.com,r$),1
https://www.rvca.com,r),1
https://www.rvca.com,rashguards,2
https://www.rvca.com,refresh,1
https://www.rvca.com,ren,2
https://www.rvca.com,republic,1
https://www.rvca.com,reserved,1
https://www.rvca.com,responder,1
https://www.rvca.com,results,1
https://www.rvca.com,returns,1
https://www.rvca.com,rewards,2
https://www.rvca.com,rica,1
https://www.rvca.com,rights,1
https://www.rvca.com,rm),1
https://www.rvca.com,rompers,1
https://www.rvca.com,rp),1
https://www.rvca.com,rvca,18
https://www.rvca.com,rvcaloha,4
https://www.rvca.com,rwanda,1
https://www.rvca.com,r√©union,1
https://www.rvca.com,s/.),1
https://www.rvca.com,sale,20
https://www.rvca.com,salvador,1
https://www.rvca.com,samoa,1
https://www.rvca.com,san,1
https://www.rvca.com,sandals,1
https://www.rvca.com,sar,2
https://www.rvca.com,saudi,1
https://www.rvca.com,score,1
https://www.rvca.com,search,5
https://www.rvca.com,season,1
https://www.rvca.com,seasonal,2
https://www.rvca.com,selection,1
https://www.rvca.com,selects,1
https://www.rvca.com,sell,1
https://www.rvca.com,sellers,3
https://www.rvca.com,senegal,1
https://www.rvca.com,serbia,1
https://www.rvca.com,series,6
https://www.rvca.com,settings,1
https://www.rvca.com,seychelles,1
https://www.rvca.com,sh),1
https://www.rvca.com,share,1
https://www.rvca.com,shipping,6
https://www.rvca.com,shirts,3
https://www.rvca.com,shop,27
https://www.rvca.com,short,4
https://www.rvca.com,shorts,8
https://www.rvca.com,show,7
https://www.rvca.com,sierra,1
https://www.rvca.com,sign,2
https://www.rvca.com,singapore,1
https://www.rvca.com,sint,1
https://www.rvca.com,skip,1
https://www.rvca.com,skirts,1
https://www.rvca.com,slides,1
https://www.rvca.com,solomon,1
https://www.rvca.com,som),1
https://www.rvca.com,south,2
https://www.rvca.com,sport,30
https://www.rvca.com,sri,1
https://www.rvca.com,st,6
https://www.rvca.com,staples,2
https://www.rvca.com,stash,2
https://www.rvca.com,statement,1
https://www.rvca.com,states,1
https://www.rvca.com,stocking,2
https://www.rvca.com,student,1
https://www.rvca.com,stuffers,2
https://www.rvca.com,styles,1
https://www.rvca.com,support,1
https://www.rvca.com,surf,4
https://www.rvca.com,surfer,1
https://www.rvca.com,suriname,1
https://www.rvca.com,sweaters,2
https://www.rvca.com,sweatshirts,3
https://www.rvca.com,swim,10
https://www.rvca.com,swimwear,1
https://www.rvca.com,s√£o,1
https://www.rvca.com,t$),1
https://www.rvca.com,t),1
https://www.rvca.com,taiwan,1
https://www.rvca.com,tanks,3
https://www.rvca.com,tanzania,1
https://www.rvca.com,teacher,1
https://www.rvca.com,tees,9
https://www.rvca.com,terms,1
https://www.rvca.com,thailand,1
https://www.rvca.com,the,11
https://www.rvca.com,time,4
https://www.rvca.com,timor-leste,1
https://www.rvca.com,to,11
https://www.rvca.com,to/from,1
https://www.rvca.com,tobago,1
https://www.rvca.com,togo,1
https://www.rvca.com,tom√©,1
https://www.rvca.com,tonga,1
https://www.rvca.com,tops,11
https://www.rvca.com,traveler,1
https://www.rvca.com,trending,2
https://www.rvca.com,trinidad,1
https://www.rvca.com,trunks,1
https://www.rvca.com,tunisia,1
https://www.rvca.com,turkmenistan,1
https://www.rvca.com,turks,1
https://www.rvca.com,tuvalu,1
https://www.rvca.com,uganda,1
https://www.rvca.com,under,3
https://www.rvca.com,united,2
https://www.rvca.com,unlock,2
https://www.rvca.com,up,8
https://www.rvca.com,ups,2
https://www.rvca.com,uruguay,1
https://www.rvca.com,us,2
https://www.rvca.com,use,1
https://www.rvca.com,ush),1
https://www.rvca.com,uzbekistan,1
https://www.rvca.com,vanuatu,1
https://www.rvca.com,vatican,1
https://www.rvca.com,venezuela,1
https://www.rvca.com,vent,1
https://www.rvca.com,verde,1
https://www.rvca.com,vietnam,1
https://www.rvca.com,vincent,1
https://www.rvca.com,virgin,1
https://www.rvca.com,vt),1
https://www.rvca.com,wallis,1
https://www.rvca.com,website,1
https://www.rvca.com,wetsuits,3
https://www.rvca.com,womens,19
https://www.rvca.com,worker,1
https://www.rvca.com,workout,6
https://www.rvca.com,x,4
https://www.rvca.com,yogger,5
https://www.rvca.com,yoggers,1
https://www.rvca.com,your,1
https://www.rvca.com,youtube,1
https://www.rvca.com,zambia,1
https://www.rvca.com,zimbabwe,1
https://www.rvca.com,zk),1
https://www.rvca.com,|,48
https://www.rvca.com,¬£),6
https://www.rvca.com,¬•),2
https://www.rvca.com,¬©,1
https://www.rvca.com,∆í),3
https://www.rvca.com,–¥–µ–Ω),1
https://www.rvca.com,–∫–º),1
https://www.rvca.com,—Ä—Å–¥),1
https://www.rvca.com,’§÷Ä.),1
https://www.rvca.com,ÿ¨.ŸÖ),1
https://www.rvca.com,ÿØ.ÿ•),1
https://www.rvca.com,ÿØ.ÿ¨),1
https://www.rvca.com,ÿØ.ŸÖ.),1
https://www.rvca.com,ÿ±.ÿ≥),1
https://www.rvca.com,ÿ±.ŸÇ),1
https://www.rvca.com,ŸÑ.ŸÑ),1
https://www.rvca.com,‡ß≥),1
https://www.rvca.com,‡∏ø),1
https://www.rvca.com,·Éö),1
https://www.rvca.com,·üõ),1
https://www.rvca.com,‚Ç°),1
https://www.rvca.com,‚Ç¶),1
https://www.rvca.com,‚Ç®),5
https://www.rvca.com,‚Ç©),1
https://www.rvca.com,‚Ç™),1
https://www.rvca.com,‚Ç´),1
https://www.rvca.com,‚Ç¨),11
https://www.rvca.com,‚Ç≠),1
https://www.rvca.com,‚ÇÆ),1
https://www.rvca.com,‚Ç±),1
https://www.rvca.com,‚Ç≤),1
https://www.rvca.com,‚Çπ),1
https://www.rvca.com,‚Çº),1
https://www.rvca.com,„Äí),1
https://www.rvca.com,üéÅ,4
https://www.rvca.com,,1
https://www.thereformation.com,#1,1
https://www.thereformation.com,#2,1
https://www.thereformation.com,$10,1
https://www.thereformation.com,$100,1
https://www.thereformation.com,$8,1
https://www.thereformation.com,&,1
https://www.thereformation.com,+,2
https://www.thereformation.com,0,2
https://www.thereformation.com,2024,1
https://www.thereformation.com,a,2
https://www.thereformation.com,about,1
https://www.thereformation.com,accessibility,1
https://www.thereformation.com,accessories,2
https://www.thereformation.com,account,3
https://www.thereformation.com,action,1
https://www.thereformation.com,affiliates,1
https://www.thereformation.com,all,11
https://www.thereformation.com,americans,2
https://www.thereformation.com,and,2
https://www.thereformation.com,apply,2
https://www.thereformation.com,back,13
https://www.thereformation.com,bag,2
https://www.thereformation.com,bags,13
https://www.thereformation.com,ballet,1
https://www.thereformation.com,being,1
https://www.thereformation.com,benefits,1
https://www.thereformation.com,best,6
https://www.thereformation.com,bestsellers,2
https://www.thereformation.com,bi-annual,1
https://www.thereformation.com,big,1
https://www.thereformation.com,black,3
https://www.thereformation.com,blazers,1
https://www.thereformation.com,bodysuits,1
https://www.thereformation.com,boobs,1
https://www.thereformation.com,boots,4
https://www.thereformation.com,bridal,2
https://www.thereformation.com,bridesmaid,1
https://www.thereformation.com,bridesmaids,2
https://www.thereformation.com,bucket,1
https://www.thereformation.com,by,1
https://www.thereformation.com,ca,1
https://www.thereformation.com,california,1
https://www.thereformation.com,cardigans,1
https://www.thereformation.com,cards,1
https://www.thereformation.com,careers,1
https://www.thereformation.com,cashmere,3
https://www.thereformation.com,chain,1
https://www.thereformation.com,clare,3
https://www.thereformation.com,click,2
https://www.thereformation.com,clickbait,2
https://www.thereformation.com,climate,1
https://www.thereformation.com,close,2
https://www.thereformation.com,clothing,5
https://www.thereformation.com,collection,10
https://www.thereformation.com,committed,1
https://www.thereformation.com,contact,3
https://www.thereformation.com,content,1
https://www.thereformation.com,cotton,1
https://www.thereformation.com,cropped,1
https://www.thereformation.com,customer,1
https://www.thereformation.com,day,2
https://www.thereformation.com,deadstock,1
https://www.thereformation.com,denim,13
https://www.thereformation.com,do,1
https://www.thereformation.com,dresses,38
https://www.thereformation.com,e-gift,1
https://www.thereformation.com,e-mail,2
https://www.thereformation.com,edit,5
https://www.thereformation.com,edits,3
https://www.thereformation.com,email,1
https://www.thereformation.com,essentials,1
https://www.thereformation.com,everyday,1
https://www.thereformation.com,everything,2
https://www.thereformation.com,exchanges,1
https://www.thereformation.com,extended,1
https://www.thereformation.com,facebook,1
https://www.thereformation.com,fall,6
https://www.thereformation.com,faq,1
https://www.thereformation.com,fave,1
https://www.thereformation.com,favorites,2
https://www.thereformation.com,featured,1
https://www.thereformation.com,fee,2
https://www.thereformation.com,feet,3
https://www.thereformation.com,fit,1
https://www.thereformation.com,flats,4
https://www.thereformation.com,for,1
https://www.thereformation.com,free,4
https://www.thereformation.com,friend,2
https://www.thereformation.com,friends,1
https://www.thereformation.com,go,1
https://www.thereformation.com,going,2
https://www.thereformation.com,good,1
https://www.thereformation.com,got,1
https://www.thereformation.com,guest,3
https://www.thereformation.com,guide,1
https://www.thereformation.com,harrier,1
https://www.thereformation.com,have,1
https://www.thereformation.com,heels,1
https://www.thereformation.com,here,1
https://www.thereformation.com,hey,1
https://www.thereformation.com,high,1
https://www.thereformation.com,hoka,1
https://www.thereformation.com,home,11
https://www.thereformation.com,homepage,1
https://www.thereformation.com,hot,1
https://www.thereformation.com,in,8
https://www.thereformation.com,info,1
https://www.thereformation.com,instagram,1
https://www.thereformation.com,is,3
https://www.thereformation.com,jackets,1
https://www.thereformation.com,jeans,8
https://www.thereformation.com,jewelry,1
https://www.thereformation.com,jumpsuits,1
https://www.thereformation.com,kacey,3
https://www.thereformation.com,keller,3
https://www.thereformation.com,knee,1
https://www.thereformation.com,knit,4
https://www.thereformation.com,knits,1
https://www.thereformation.com,laura,1
https://www.thereformation.com,leather,1
https://www.thereformation.com,leg,4
https://www.thereformation.com,linen,3
https://www.thereformation.com,loafers,1
https://www.thereformation.com,logged,2
https://www.thereformation.com,long,2
https://www.thereformation.com,lookup,3
https://www.thereformation.com,loungewear,1
https://www.thereformation.com,love,1
https://www.thereformation.com,luxurious,3
https://www.thereformation.com,luxury,1
https://www.thereformation.com,main,1
https://www.thereformation.com,may,2
https://www.thereformation.com,maybe,1
https://www.thereformation.com,midi,1
https://www.thereformation.com,mini,1
https://www.thereformation.com,miranda,2
https://www.thereformation.com,more,1
https://www.thereformation.com,most,1
https://www.thereformation.com,musgraves,3
https://www.thereformation.com,my,1
https://www.thereformation.com,naked,1
https://www.thereformation.com,navigation,1
https://www.thereformation.com,new,20
https://www.thereformation.com,not,1
https://www.thereformation.com,notice,1
https://www.thereformation.com,now,2
https://www.thereformation.com,occasion,3
https://www.thereformation.com,of,8
https://www.thereformation.com,oh,1
https://www.thereformation.com,on,5
https://www.thereformation.com,option,1
https://www.thereformation.com,or,2
https://www.thereformation.com,order,3
https://www.thereformation.com,orders,1
https://www.thereformation.com,our,5
https://www.thereformation.com,out,2
https://www.thereformation.com,outerwear,4
https://www.thereformation.com,over,1
https://www.thereformation.com,pants,2
https://www.thereformation.com,paris,2
https://www.thereformation.com,parties,2
https://www.thereformation.com,party,1
https://www.thereformation.com,patagonia,1
https://www.thereformation.com,petites,1
https://www.thereformation.com,pinterest,1
https://www.thereformation.com,place,1
https://www.thereformation.com,plans,1
https://www.thereformation.com,privacy,2
https://www.thereformation.com,pullover,1
https://www.thereformation.com,qualifying,1
https://www.thereformation.com,read,3
https://www.thereformation.com,ref,10
https://www.thereformation.com,reformation,3
https://www.thereformation.com,relaxed,1
https://www.thereformation.com,report,4
https://www.thereformation.com,required,1
https://www.thereformation.com,return,2
https://www.thereformation.com,returns,2
https://www.thereformation.com,right,1
https://www.thereformation.com,romance,3
https://www.thereformation.com,salon,1
https://www.thereformation.com,sandals,1
https://www.thereformation.com,search,5
https://www.thereformation.com,sell,1
https://www.thereformation.com,sensible,2
https://www.thereformation.com,sets,1
https://www.thereformation.com,shipping,7
https://www.thereformation.com,shoes,13
https://www.thereformation.com,shop,4
https://www.thereformation.com,shopping,1
https://www.thereformation.com,short,2
https://www.thereformation.com,shorts,2
https://www.thereformation.com,shoulder,1
https://www.thereformation.com,sign,4
https://www.thereformation.com,silk,3
https://www.thereformation.com,sitemap,1
https://www.thereformation.com,size,1
https://www.thereformation.com,sizes,1
https://www.thereformation.com,skip,1
https://www.thereformation.com,skirts,3
https://www.thereformation.com,sleeve,2
https://www.thereformation.com,sleeveless,2
https://www.thereformation.com,sneakers,1
https://www.thereformation.com,start,1
https://www.thereformation.com,states,2
https://www.thereformation.com,stock,1
https://www.thereformation.com,stockings,1
https://www.thereformation.com,stores,5
https://www.thereformation.com,straight,1
https://www.thereformation.com,supply,1
https://www.thereformation.com,sustainability,7
https://www.thereformation.com,sustainable,3
https://www.thereformation.com,sweater,3
https://www.thereformation.com,sweaters,12
https://www.thereformation.com,sweatshirts,1
https://www.thereformation.com,swedish,1
https://www.thereformation.com,swim,1
https://www.thereformation.com,tees,1
https://www.thereformation.com,tencel‚Ñ¢,1
https://www.thereformation.com,terms,1
https://www.thereformation.com,text,1
https://www.thereformation.com,the,15
https://www.thereformation.com,things,2
https://www.thereformation.com,this,1
https://www.thereformation.com,tie,2
https://www.thereformation.com,time,1
https://www.thereformation.com,to,21
https://www.thereformation.com,to:,2
https://www.thereformation.com,tops,20
https://www.thereformation.com,totes,1
https://www.thereformation.com,touch,3
https://www.thereformation.com,two-piece,1
https://www.thereformation.com,under,1
https://www.thereformation.com,united,2
https://www.thereformation.com,up,1
https://www.thereformation.com,updates,3
https://www.thereformation.com,us,2
https://www.thereformation.com,vacation,1
https://www.thereformation.com,velvet,1
https://www.thereformation.com,via,1
https://www.thereformation.com,vintage-inspired,3
https://www.thereformation.com,waight,3
https://www.thereformation.com,want,3
https://www.thereformation.com,we,5
https://www.thereformation.com,we're,4
https://www.thereformation.com,wedding,3
https://www.thereformation.com,weddings,4
https://www.thereformation.com,week,1
https://www.thereformation.com,welcome,1
https://www.thereformation.com,we‚Äôre,2
https://www.thereformation.com,white,1
https://www.thereformation.com,wide,3
https://www.thereformation.com,with,1
https://www.thereformation.com,women's,1
https://www.thereformation.com,wool,1
https://www.thereformation.com,workwear,17
https://www.thereformation.com,x,6
https://www.thereformation.com,you,1
https://www.thereformation.com,you're,2
https://www.thereformation.com,your,6
https://www.thereformation.com,yourself,1
https://www.thereformation.com,you‚Äôre,2
https://www.thereformation.com,|,1
https://www.thereformation.com,¬©,1
https://www.thereformation.com,‚Üí,13
https://www.thereformation.com,,3
https://www.thereformation.com,,1
